Humidity,Wind Speed,Pressure,Temperature,Weather Condition
78,16,993,26.5,Rainy
91,10,1022,27.1,Rainy
68,16,1002,29.0,Cloudy
54,25,1009,29.0,Cloudy
82,5,996,25.4,Rainy
47,13,1004,30.7,Sunny
60,7,1012,31.2,Sunny
78,25,1003,24.4,Rainy
97,12,1012,24.9,Rainy
58,14,1008,29.0,Cloudy
62,26,1018,28.3,Cloudy
50,8,1009,33.4,Sunny
50,5,1018,33.2,Sunny
63,9,1013,32.0,Sunny
92,21,1007,20.7,Stormy
75,30,999,22.7,Cloudy
79,11,997,24.6,Rainy
63,27,1015,26.9,Cloudy
42,4,1018,37.2,Sunny
61,7,999,29.9,Cloudy
92,6,1006,23.8,Rainy
41,6,991,32.7,Sunny
63,24,995,26.7,Cloudy
83,10,994,26.7,Rainy
69,21,1017,28.3,Cloudy
77,19,994,25.4,Rainy
41,18,1007,31.5,Sunny
99,25,1015,20.8,Stormy
60,4,1009,30.5,Sunny
72,33,1016,22.9,Cloudy
51,14,1001,30.3,Sunny
97,26,996,20.3,Stormy
61,10,992,30.2,Sunny
83,5,999,26.1,Rainy
64,15,1023,28.7,Cloudy
88,12,1014,24.9,Rainy
66,4,1024,33.1,Cloudy
98,29,1005,19.1,Stormy
81,30,991,17.9,Rainy
67,10,1013,28.7,Cloudy
99,4,999,22.3,Rainy
55,26,1011,30.3,Sunny
54,13,1015,29.3,Cloudy
86,10,1016,26.0,Rainy
90,16,1018,24.7,Rainy
83,26,1009,24.4,Rainy
94,6,1016,26.2,Rainy
91,12,1009,24.8,Rainy
96,25,1008,19.1,Stormy
42,16,1009,31.1,Sunny
76,9,1024,29.0,Rainy
90,6,991,24.5,Rainy
46,27,1019,34.4,Sunny
60,19,1023,32.2,Sunny
48,7,1011,35.1,Sunny
78,14,992,24.9,Rainy
57,29,995,25.8,Cloudy
43,6,1004,34.7,Sunny
64,14,1016,32.8,Sunny
99,18,999,18.4,Rainy
53,33,998,29.6,Cloudy
89,30,1022,22.2,Stormy
97,4,1021,27.4,Rainy
48,28,995,26.7,Cloudy
65,14,991,28.0,Cloudy
92,34,1018,19.7,Stormy
41,7,993,31.8,Sunny
59,25,990,26.6,Cloudy
67,20,1008,29.1,Cloudy
86,17,1015,23.6,Rainy
99,29,1014,17.4,Stormy
46,34,999,28.5,Cloudy
83,14,1004,24.6,Rainy
47,26,1011,32.1,Sunny
86,28,1010,23.7,Stormy
74,8,1011,28.5,Cloudy
53,6,1023,37.8,Sunny
56,32,1019,29.5,Cloudy
75,24,1014,25.3,Cloudy
89,11,1017,23.1,Rainy
79,33,990,20.1,Rainy
43,31,993,28.6,Cloudy
41,32,996,31.2,Sunny
45,19,998,32.1,Sunny
93,3,1008,23.2,Rainy
81,15,990,23.5,Rainy
43,14,999,33.9,Sunny
93,30,998,21.2,Stormy
68,13,1021,31.6,Cloudy
57,3,1021,35.6,Sunny
65,33,995,24.3,Cloudy
83,14,1006,25.5,Rainy
73,28,999,25.7,Cloudy
49,18,1016,30.9,Sunny
75,32,1024,25.1,Cloudy
53,25,1010,28.9,Cloudy
70,7,1014,30.6,Cloudy
87,20,1017,26.1,Rainy
54,31,1004,27.1,Cloudy
47,8,993,28.8,Cloudy
53,11,1018,32.9,Sunny
62,33,998,26.6,Cloudy
99,29,1016,20.7,Stormy
96,16,1015,23.4,Rainy
79,31,1008,22.6,Rainy
60,30,1017,26.5,Cloudy
55,23,1006,30.3,Sunny
84,5,1009,25.4,Rainy
57,21,1012,33.4,Sunny
86,33,1021,23.5,Stormy
92,5,1022,25.6,Rainy
63,28,994,24.5,Cloudy
65,18,1023,30.1,Cloudy
64,13,1000,28.2,Cloudy
99,23,992,19.8,Stormy
99,18,1022,22.9,Rainy
99,11,1000,20.1,Rainy
84,2,1005,29.6,Rainy
80,23,1007,24.2,Rainy
68,27,1019,28.6,Cloudy
54,19,999,28.7,Cloudy
84,15,1007,25.2,Rainy
40,30,1008,32.2,Sunny
64,13,1002,26.0,Cloudy
46,13,992,34.6,Sunny
48,8,999,34.8,Sunny
63,30,990,23.9,Cloudy
40,12,1016,34.3,Sunny
83,34,997,20.8,Rainy
47,7,1006,34.3,Sunny
63,16,998,28.6,Cloudy
50,33,995,27.7,Cloudy
90,12,1014,25.5,Rainy
56,24,1017,32.6,Sunny
47,27,1022,33.3,Sunny
74,30,998,21.5,Cloudy
74,5,1007,30.7,Cloudy
72,18,1010,29.6,Cloudy
98,14,991,24.6,Rainy
44,16,1004,31.2,Sunny
81,30,1017,24.2,Rainy
78,30,1007,20.2,Rainy
97,12,1023,25.1,Rainy
80,33,1011,22.0,Rainy
67,3,1000,32.6,Cloudy
46,15,1002,31.3,Sunny
48,21,993,27.3,Cloudy
47,23,1011,31.1,Sunny
51,12,996,28.2,Cloudy
73,28,1013,26.6,Cloudy
72,4,993,24.5,Cloudy
87,18,1017,24.7,Rainy
94,29,1004,16.5,Stormy
62,30,990,24.3,Cloudy
63,22,992,28.7,Cloudy
76,17,1003,26.1,Rainy
74,21,990,22.4,Cloudy
83,7,1010,26.6,Rainy
79,20,1018,26.2,Rainy
61,6,994,30.5,Sunny
66,4,999,27.6,Cloudy
74,2,1017,31.3,Cloudy
40,16,1010,30.5,Sunny
74,26,996,22.6,Cloudy
76,25,992,22.1,Rainy
86,13,1009,25.8,Rainy
53,19,1008,30.9,Sunny
42,16,1024,33.7,Sunny
40,17,993,30.8,Sunny
44,28,994,29.9,Cloudy
65,9,990,27.8,Cloudy
94,26,993,17.9,Stormy
53,18,1001,29.5,Cloudy
78,30,1016,25.4,Rainy
66,9,1012,29.5,Cloudy
48,16,1014,33.1,Sunny
54,28,1010,32.5,Sunny
54,8,1013,31.1,Sunny
65,4,1014,28.9,Cloudy
81,30,1021,25.5,Rainy
99,25,1021,20.2,Stormy
52,4,994,31.6,Sunny
90,21,1005,20.8,Stormy
71,16,1022,28.8,Cloudy
78,26,1010,26.8,Rainy
88,31,998,21.0,Stormy
91,15,995,23.0,Rainy
71,8,1024,28.7,Cloudy
43,18,1011,31.9,Sunny
69,21,994,21.1,Cloudy
76,10,1012,26.7,Rainy
62,23,1006,29.4,Cloudy
78,3,1001,28.2,Rainy
84,25,1012,23.1,Rainy
54,9,1005,32.1,Sunny
82,12,992,22.8,Rainy
68,14,1019,30.1,Cloudy
75,18,1011,27.7,Cloudy
52,9,998,29.3,Cloudy
71,22,1018,28.0,Cloudy
46,19,1012,34.3,Sunny
98,31,1002,17.5,Stormy
90,19,1021,25.4,Rainy
61,32,1012,31.5,Sunny
67,33,1006,24.9,Cloudy
41,12,1010,35.6,Sunny
81,26,991,20.3,Rainy
84,34,995,20.1,Rainy
96,9,1007,23.8,Rainy
92,12,1019,25.2,Rainy
45,23,1011,30.8,Sunny
67,25,1022,28.7,Cloudy
67,18,1019,31.5,Cloudy
83,13,1006,25.8,Rainy
83,33,1021,24.8,Rainy
59,16,1003,29.1,Cloudy
69,17,999,27.8,Cloudy
50,23,1023,33.0,Sunny
97,29,998,16.8,Stormy
94,21,1017,23.1,Stormy
67,34,1000,22.7,Cloudy
64,11,1003,28.4,Cloudy
78,33,1008,23.1,Rainy
72,34,1004,24.0,Cloudy
40,3,1017,35.9,Sunny
96,34,1013,20.9,Stormy
66,34,997,24.9,Cloudy
96,14,998,20.1,Rainy
91,31,1022,19.7,Stormy
52,34,1022,29.9,Cloudy
80,14,1008,25.2,Rainy
42,27,992,30.1,Sunny
78,23,999,23.0,Rainy
45,3,990,30.3,Sunny
47,27,1018,31.4,Sunny
66,16,1023,29.9,Cloudy
48,12,1002,33.5,Sunny
76,4,990,25.3,Rainy
72,7,1023,33.2,Cloudy
90,10,1018,22.7,Rainy
81,7,1002,28.1,Rainy
83,10,1018,26.8,Rainy
63,32,1013,28.2,Cloudy
54,33,1015,29.1,Cloudy
98,13,1006,23.5,Rainy
93,9,996,21.9,Rainy
71,9,1002,26.4,Cloudy
71,29,994,25.6,Cloudy
63,21,1015,29.0,Cloudy
80,8,992,25.3,Rainy
91,12,996,24.2,Rainy
88,21,990,19.1,Stormy
88,17,1006,24.2,Rainy
97,5,1014,23.6,Rainy
91,7,992,22.6,Rainy
51,23,1004,30.2,Sunny
78,27,1018,22.9,Rainy
41,4,1021,36.6,Sunny
42,15,1015,36.9,Sunny
88,12,1005,25.4,Rainy
76,19,1014,26.4,Rainy
88,13,1017,25.7,Rainy
95,24,998,19.1,Stormy
56,13,990,31.2,Sunny
98,14,1018,22.8,Rainy
88,26,1011,22.6,Stormy
41,20,1005,34.7,Sunny
41,9,996,32.7,Sunny
67,30,1003,27.6,Cloudy
93,33,1018,18.5,Stormy
62,19,1008,31.3,Sunny
76,7,1008,27.4,Rainy
71,19,991,24.5,Cloudy
72,20,1004,23.2,Cloudy
40,23,992,30.4,Sunny
58,33,1000,24.7,Cloudy
41,4,1019,36.6,Sunny
92,29,1007,20.2,Stormy
83,11,991,25.1,Rainy
65,30,1021,28.1,Cloudy
71,16,997,26.6,Cloudy
45,34,1011,28.7,Cloudy
71,8,995,26.0,Cloudy
94,13,1001,24.8,Rainy
43,31,1004,29.3,Cloudy
94,22,1017,24.9,Stormy
50,32,1007,28.7,Cloudy
95,25,991,18.5,Stormy
98,21,1002,21.5,Stormy
56,5,1004,34.2,Sunny
77,29,1009,23.8,Rainy
63,21,1018,28.9,Cloudy
44,25,1018,32.9,Sunny
91,33,992,18.6,Stormy
73,3,1008,30.7,Cloudy
45,16,992,31.3,Sunny
61,7,1003,31.6,Sunny
50,13,993,33.3,Sunny
87,4,1000,25.7,Rainy
55,19,1020,32.3,Sunny
72,22,1021,25.4,Cloudy
48,16,1016,29.5,Cloudy
99,34,1019,20.0,Stormy
98,27,991,17.4,Stormy
45,9,998,32.5,Sunny
55,31,1017,29.7,Cloudy
68,24,1020,28.0,Cloudy
42,15,1023,37.5,Sunny
59,15,1004,29.9,Cloudy
99,3,1014,23.2,Rainy
98,6,997,23.5,Rainy
75,15,998,25.2,Cloudy
58,26,1021,30.9,Sunny
65,21,1006,26.9,Cloudy
42,3,1024,37.1,Sunny
58,7,1008,32.1,Sunny
59,18,1018,31.0,Sunny
71,26,996,24.9,Cloudy
46,29,1017,31.3,Sunny
91,3,998,21.4,Rainy
80,6,1017,27.7,Rainy
72,2,995,29.4,Cloudy
79,13,1018,27.0,Rainy
78,24,1006,23.9,Rainy
57,32,1005,28.8,Cloudy
79,12,1012,25.8,Rainy
40,11,1020,34.3,Sunny
50,4,992,32.1,Sunny
67,15,1010,28.0,Cloudy
96,17,1015,21.2,Rainy
64,11,1011,30.0,Cloudy
89,30,1001,20.9,Stormy
62,11,1002,29.6,Cloudy
70,13,1000,27.7,Cloudy
69,31,1005,27.6,Cloudy
81,2,997,25.9,Rainy
74,6,991,27.0,Cloudy
46,21,1019,32.6,Sunny
99,9,1019,22.6,Rainy
55,13,1001,29.8,Cloudy
65,2,999,29.5,Cloudy
87,21,1000,22.6,Stormy
96,29,1004,22.7,Stormy
91,13,1005,22.2,Rainy
99,29,1006,18.1,Stormy
88,16,1015,24.5,Rainy
41,7,991,34.2,Sunny
40,21,1001,32.9,Sunny
87,15,1015,26.9,Rainy
51,3,1012,31.0,Sunny
44,10,1007,30.8,Sunny
76,21,1021,26.3,Rainy
71,27,992,25.2,Cloudy
98,30,992,14.7,Stormy
94,2,1019,21.7,Rainy
48,7,990,32.8,Sunny
80,6,1019,29.0,Rainy
74,34,1021,23.5,Cloudy
58,15,1017,30.1,Sunny
87,13,1010,23.3,Rainy
55,21,1002,29.5,Cloudy
42,25,1016,32.2,Sunny
59,26,996,27.6,Cloudy
63,30,1011,22.8,Cloudy
93,32,999,17.4,Stormy
95,24,1004,18.6,Stormy
72,21,1004,25.5,Cloudy
63,24,993,25.2,Cloudy
91,17,1021,25.6,Rainy
50,9,1012,31.0,Sunny
88,22,995,21.1,Stormy
47,2,1013,36.7,Sunny
75,9,1009,30.7,Cloudy
77,30,1009,23.0,Rainy
79,33,1001,22.3,Rainy
59,6,1022,30.9,Sunny
74,23,1017,23.0,Cloudy
87,2,997,26.4,Rainy
64,27,990,24.9,Cloudy
74,11,1011,29.8,Cloudy
64,31,995,22.7,Cloudy
68,19,1010,28.6,Cloudy
57,18,1021,34.5,Sunny
85,27,1024,24.9,Rainy
57,9,1004,31.7,Sunny
41,13,994,32.9,Sunny
93,28,995,16.5,Stormy
74,9,1014,30.8,Cloudy
55,26,1018,29.5,Cloudy
80,5,996,26.8,Rainy
75,34,1002,20.3,Cloudy
72,2,1007,27.9,Cloudy
43,20,991,33.0,Sunny
72,32,997,22.5,Cloudy
53,17,1000,32.5,Sunny
60,15,1022,31.6,Sunny
87,6,1016,23.9,Rainy
59,27,1009,29.6,Cloudy
95,29,1001,18.1,Stormy
47,3,1020,37.6,Sunny
46,7,1016,35.6,Sunny
42,10,1021,34.2,Sunny
56,34,999,26.7,Cloudy
72,26,992,26.8,Cloudy
87,14,1016,26.0,Rainy
51,10,1024,34.8,Sunny
98,14,1020,24.9,Rainy
90,32,1004,20.2,Stormy
61,12,1005,30.3,Sunny
94,5,1002,22.0,Rainy
61,5,1024,33.9,Sunny
85,20,1000,24.3,Rainy
69,7,1010,28.5,Cloudy
77,19,1000,26.8,Rainy
77,14,1019,27.7,Rainy
84,24,1024,23.7,Rainy
90,20,1011,24.4,Rainy
93,12,1020,24.3,Rainy
47,2,1003,35.8,Sunny
66,25,1013,27.1,Cloudy
66,8,1021,31.5,Cloudy
73,26,1021,27.5,Cloudy
60,22,1004,28.8,Cloudy
69,16,1024,26.8,Cloudy
72,2,992,26.2,Cloudy
67,13,1005,29.9,Cloudy
86,8,994,23.7,Rainy
72,16,1010,26.7,Cloudy
44,22,999,29.2,Cloudy
99,20,1008,19.0,Rainy
87,30,1014,19.1,Stormy
58,26,993,26.6,Cloudy
43,34,1018,30.7,Sunny
74,33,1008,22.3,Cloudy
88,27,991,19.6,Stormy
56,12,999,30.9,Sunny
83,9,1014,29.9,Rainy
67,15,1009,26.4,Cloudy
69,11,1008,30.5,Cloudy
68,3,1012,32.4,Cloudy
85,10,1013,24.9,Rainy
92,4,1000,24.3,Rainy
45,22,1023,33.2,Sunny
74,27,1017,26.2,Cloudy
99,9,994,23.1,Rainy
80,3,994,27.0,Rainy
76,7,1010,29.0,Rainy
63,29,1001,25.4,Cloudy
68,30,993,21.6,Cloudy
88,27,1009,21.5,Stormy
85,26,1014,25.1,Rainy
92,13,1003,20.5,Rainy
70,6,1000,26.9,Cloudy
74,16,1021,28.5,Cloudy
99,16,1000,18.9,Rainy
72,24,1007,24.5,Cloudy
91,7,1016,25.0,Rainy
60,22,1007,26.6,Cloudy
71,24,1012,25.0,Cloudy
62,17,1000,29.4,Cloudy
72,16,1010,25.5,Cloudy
42,26,994,28.0,Cloudy
57,12,1012,30.8,Sunny
64,16,1014,30.8,Sunny
81,5,999,25.9,Rainy
70,22,1011,26.3,Cloudy
93,14,1008,23.0,Rainy
97,23,990,15.7,Stormy
42,20,996,32.4,Sunny
79,15,993,24.7,Rainy
85,5,990,23.6,Rainy
63,28,1004,28.1,Cloudy
89,30,1001,18.4,Stormy
71,29,1011,27.2,Cloudy
86,9,1011,26.0,Rainy
61,17,1006,28.7,Cloudy
62,31,1018,27.9,Cloudy
41,19,1003,32.8,Sunny
66,3,1009,32.9,Cloudy
81,14,1022,25.7,Rainy
41,5,1004,34.4,Sunny
65,27,1001,27.5,Cloudy
56,26,1009,28.2,Cloudy
79,31,1019,25.7,Rainy
72,12,992,28.6,Cloudy
48,8,1017,34.4,Sunny
82,32,1015,24.0,Rainy
93,11,1019,23.1,Rainy
87,14,1002,24.7,Rainy
78,32,1002,22.6,Rainy
68,8,991,28.2,Cloudy
81,21,991,21.4,Rainy
94,5,1015,22.7,Rainy
65,8,1000,30.0,Cloudy
74,2,997,24.9,Cloudy
89,14,1011,23.7,Rainy
64,23,1009,29.3,Cloudy
63,22,997,27.1,Cloudy
52,23,1018,34.5,Sunny
99,29,1015,21.3,Stormy
97,10,1019,23.2,Rainy
46,27,1006,30.8,Sunny
96,10,1009,23.1,Rainy
75,16,1005,23.8,Cloudy
84,11,996,22.6,Rainy
59,25,1005,27.3,Cloudy
40,9,1016,33.4,Sunny
47,25,1012,31.7,Sunny
85,17,1013,24.4,Rainy
55,27,998,25.3,Cloudy
53,28,1024,31.8,Sunny
51,5,1009,35.0,Sunny
90,25,1006,21.8,Stormy
62,20,1020,29.7,Cloudy
54,11,997,31.7,Sunny
67,26,1004,27.1,Cloudy
73,19,1020,28.4,Cloudy
41,20,1019,33.4,Sunny
71,11,1009,28.9,Cloudy
62,34,1001,27.2,Cloudy
61,6,1006,30.3,Sunny
90,34,1019,24.5,Stormy
64,22,1018,28.3,Cloudy
97,18,1008,21.4,Rainy
61,23,1000,26.4,Cloudy
97,16,1023,23.9,Rainy
97,29,996,15.3,Stormy
61,8,1023,32.1,Sunny
88,33,1009,19.1,Stormy
91,12,1013,24.6,Rainy
81,11,999,26.6,Rainy
45,10,1021,36.8,Sunny
54,15,1004,27.3,Cloudy
93,14,1009,26.2,Rainy
82,26,992,21.8,Rainy
99,3,997,21.2,Rainy
76,8,1012,28.5,Rainy
72,22,1000,25.5,Cloudy
47,19,997,29.9,Cloudy
92,4,1018,26.5,Rainy
99,12,1019,22.4,Rainy
83,25,999,21.5,Rainy
83,20,1017,24.2,Rainy
44,5,1002,32.5,Sunny
78,27,1021,25.7,Rainy
43,33,1015,32.3,Sunny
45,34,1011,31.1,Sunny
84,4,993,26.2,Rainy
71,10,1020,30.5,Cloudy
91,9,1007,23.4,Rainy
69,34,1013,26.5,Cloudy
86,7,1012,24.2,Rainy
74,5,1011,27.8,Cloudy
94,14,991,19.3,Rainy
79,3,1020,31.1,Rainy
91,6,1000,25.3,Rainy
55,28,1017,30.6,Sunny
52,33,1021,31.7,Sunny
89,22,994,19.4,Stormy
99,9,999,22.0,Rainy
81,9,1013,26.9,Rainy
69,4,1024,33.3,Cloudy
58,4,1012,32.8,Sunny
56,23,1006,28.7,Cloudy
95,7,990,22.5,Rainy
58,3,1020,35.4,Sunny
67,24,1020,27.3,Cloudy
97,3,1023,25.8,Rainy
94,18,998,19.3,Rainy
65,24,1011,24.0,Cloudy
76,31,1002,23.2,Rainy
65,9,1014,31.7,Cloudy
92,23,1007,21.9,Stormy
62,6,1001,27.5,Cloudy
48,14,1006,32.1,Sunny
51,30,1004,25.5,Cloudy
92,32,1004,21.5,Stormy
40,17,1004,32.0,Sunny
97,31,1002,20.2,Stormy
97,17,1006,22.7,Rainy
40,13,1021,35.0,Sunny
86,18,998,20.9,Rainy
73,17,1009,27.5,Cloudy
71,13,1015,27.6,Cloudy
93,9,1016,25.0,Rainy
87,21,1010,22.6,Stormy
64,4,1007,28.4,Cloudy
79,17,1002,21.5,Rainy
84,31,1005,21.9,Rainy
92,24,998,19.4,Stormy
40,29,1001,30.3,Sunny
55,6,1008,33.8,Sunny
78,21,996,25.3,Rainy
44,2,1024,37.4,Sunny
61,31,1007,26.3,Cloudy
68,22,1005,27.4,Cloudy
94,21,993,17.7,Stormy
42,7,1014,36.5,Sunny
51,23,1021,33.0,Sunny
65,19,1002,28.5,Cloudy
55,9,1006,29.1,Cloudy
90,33,995,17.5,Stormy
76,34,1008,21.8,Rainy
61,17,1002,28.9,Cloudy
96,13,1015,24.1,Rainy
68,15,1003,29.9,Cloudy
53,34,1020,28.9,Cloudy
67,24,993,24.4,Cloudy
44,3,997,36.1,Sunny
86,22,1014,24.2,Stormy
88,3,1002,27.2,Rainy
69,28,1021,27.7,Cloudy
85,10,1017,24.8,Rainy
91,2,1019,24.9,Rainy
44,12,992,29.9,Cloudy
51,4,1017,36.1,Sunny
55,24,992,29.4,Cloudy
65,27,1023,31.4,Cloudy
65,5,1005,31.7,Cloudy
87,19,1011,25.5,Rainy
60,7,1021,32.2,Sunny
78,23,997,21.6,Rainy
75,16,997,26.5,Cloudy
72,23,995,25.0,Cloudy
69,13,1003,28.0,Cloudy
76,19,1021,28.0,Rainy
62,31,1024,29.1,Cloudy
97,25,999,21.0,Stormy
49,31,992,29.6,Cloudy
93,15,1001,22.8,Rainy
44,7,1020,37.7,Sunny
75,4,1018,30.7,Cloudy
73,17,994,24.5,Cloudy
91,8,1014,26.4,Rainy
70,15,1020,27.2,Cloudy
49,10,1010,35.2,Sunny
97,16,1009,20.1,Rainy
58,22,1011,30.0,Sunny
97,3,993,21.0,Rainy
71,28,1002,25.4,Cloudy
40,3,1009,36.7,Sunny
95,19,1002,18.5,Rainy
44,15,1006,34.0,Sunny
84,21,1022,24.5,Rainy
43,19,990,32.2,Sunny
55,11,1004,31.4,Sunny
63,26,1002,27.3,Cloudy
55,3,1006,31.6,Sunny
94,26,1013,20.3,Stormy
41,34,997,28.8,Cloudy
88,32,1016,23.1,Stormy
67,15,1012,31.5,Cloudy
71,2,997,27.5,Cloudy
66,17,997,28.7,Cloudy
59,4,1015,29.8,Cloudy
63,7,1002,28.3,Cloudy
51,26,1017,29.7,Cloudy
89,14,1014,22.6,Rainy
74,9,1005,25.3,Cloudy
99,22,991,18.8,Stormy
72,5,1007,28.8,Cloudy
72,26,1006,25.8,Cloudy
90,16,1019,25.6,Rainy
82,5,1002,26.7,Rainy
76,13,1021,29.4,Rainy
51,33,1018,29.9,Cloudy
42,33,1019,30.3,Sunny
40,29,1007,33.4,Sunny
72,14,1002,26.0,Cloudy
79,32,1010,21.7,Rainy
49,15,1019,33.5,Sunny
82,21,1010,23.0,Rainy
83,19,1006,23.4,Rainy
68,30,1008,26.1,Cloudy
52,7,1004,33.3,Sunny
51,33,998,26.3,Cloudy
70,30,999,23.3,Cloudy
85,3,1020,29.8,Rainy
41,24,1012,33.8,Sunny
90,20,1019,27.0,Rainy
89,32,1022,24.1,Stormy
74,6,998,29.1,Cloudy
62,20,990,24.5,Cloudy
56,11,1024,34.7,Sunny
65,26,1000,25.9,Cloudy
47,3,1023,36.1,Sunny
68,12,1005,28.7,Cloudy
65,32,998,26.1,Cloudy
49,16,1021,34.6,Sunny
65,10,1004,28.1,Cloudy
73,24,1001,25.9,Cloudy
90,20,1022,23.3,Rainy
80,10,1003,26.3,Rainy
46,22,997,30.1,Sunny
43,10,997,33.1,Sunny
97,29,1016,21.5,Stormy
92,8,1001,21.9,Rainy
89,17,990,24.1,Rainy
84,17,1000,20.7,Rainy
50,34,1020,29.4,Cloudy
68,5,1006,30.4,Cloudy
95,5,1022,26.7,Rainy
75,18,1021,27.6,Cloudy
64,30,1018,27.6,Cloudy
60,8,1010,32.2,Sunny
96,28,1010,19.7,Stormy
75,29,1012,26.8,Cloudy
49,23,995,30.7,Sunny
76,15,1011,28.2,Rainy
48,8,997,31.2,Sunny
63,23,1024,29.8,Cloudy
74,6,1000,27.2,Cloudy
88,3,1013,25.2,Rainy
74,28,1010,25.4,Cloudy
87,22,991,20.0,Stormy
75,16,1008,27.6,Cloudy
57,22,1017,28.9,Cloudy
88,11,1006,27.0,Rainy
78,24,995,21.6,Rainy
71,6,1008,29.6,Cloudy
63,2,1017,34.0,Sunny
62,14,991,26.9,Cloudy
71,22,993,25.9,Cloudy
76,27,1011,22.9,Rainy
51,22,1015,33.8,Sunny
88,19,1002,22.5,Rainy
94,33,1021,20.0,Stormy
52,18,1006,30.6,Sunny
62,12,1008,31.4,Sunny
64,22,1024,29.0,Cloudy
74,27,1017,24.8,Cloudy
80,5,990,25.0,Rainy
69,19,1007,25.5,Cloudy
56,30,1022,32.7,Sunny
88,30,1001,19.5,Stormy
59,22,997,28.9,Cloudy
87,14,1013,25.2,Rainy
64,18,1005,26.8,Cloudy
61,10,993,28.9,Cloudy
52,2,1016,36.3,Sunny
98,3,998,22.4,Rainy
58,30,1005,29.2,Cloudy
88,34,1001,21.2,Stormy
75,11,1020,30.3,Cloudy
51,22,1013,30.7,Sunny
80,29,1003,20.9,Rainy
58,12,1014,30.8,Sunny
51,9,1023,35.2,Sunny
48,23,992,30.2,Sunny
46,9,1013,31.6,Sunny
67,16,998,27.1,Cloudy
53,18,1015,32.1,Sunny
70,24,1009,25.9,Cloudy
91,25,999,22.3,Stormy
58,20,1008,30.2,Sunny
97,6,992,23.6,Rainy
86,33,1013,21.4,Stormy
55,2,994,33.2,Sunny
92,24,992,21.9,Stormy
44,9,1016,37.6,Sunny
74,14,1005,25.2,Cloudy
51,9,1004,32.3,Sunny
64,24,1024,29.0,Cloudy
91,2,1001,25.5,Rainy
98,25,1015,21.8,Stormy
60,25,1023,28.8,Cloudy
75,18,1012,26.8,Cloudy
92,6,1020,23.1,Rainy
62,21,1009,30.8,Sunny
55,22,1001,28.3,Cloudy
96,32,1012,19.6,Stormy
78,12,993,24.4,Rainy
84,16,1012,26.8,Rainy
92,20,990,15.7,Rainy
81,8,1014,27.4,Rainy
97,29,991,17.2,Stormy
78,6,1019,28.4,Rainy
53,6,992,33.9,Sunny
70,31,1010,23.9,Cloudy
97,33,1014,20.6,Stormy
44,9,1009,35.3,Sunny
74,11,1011,30.0,Cloudy
62,33,1010,25.6,Cloudy
68,29,1022,26.4,Cloudy
82,18,1004,25.8,Rainy
50,32,1004,29.4,Cloudy
57,9,1014,30.2,Sunny
86,26,1010,21.8,Stormy
51,10,1013,34.1,Sunny
48,3,994,34.4,Sunny
49,16,995,29.7,Cloudy
97,4,1012,20.0,Rainy
83,5,993,25.8,Rainy
56,15,1016,30.1,Sunny
77,26,1007,21.2,Rainy
46,11,1010,29.9,Cloudy
85,22,1017,25.6,Rainy
52,13,1024,34.3,Sunny
79,28,1011,23.6,Rainy
81,3,1012,30.2,Rainy
48,14,992,31.9,Sunny
89,33,999,21.8,Stormy
66,32,1014,24.3,Cloudy
97,17,997,20.2,Rainy
41,33,1000,27.6,Cloudy
44,33,994,28.3,Cloudy
68,12,1018,29.7,Cloudy
76,11,994,26.5,Rainy
77,16,998,25.0,Rainy
58,18,991,28.9,Cloudy
47,19,990,31.1,Sunny
87,10,1019,29.6,Rainy
84,26,1000,21.4,Rainy
40,15,1017,34.1,Sunny
61,26,1001,27.4,Cloudy
91,23,1015,21.4,Stormy
56,31,1002,29.6,Cloudy
46,21,997,30.3,Sunny
64,22,1017,28.2,Cloudy
84,33,1019,22.2,Rainy
43,22,998,32.4,Sunny
75,33,1020,24.7,Cloudy
45,31,1010,29.8,Cloudy
99,13,1023,26.1,Rainy
70,19,1020,27.3,Cloudy
58,22,1014,30.0,Sunny
83,14,1001,25.3,Rainy
93,22,990,16.9,Stormy
78,9,1011,28.3,Rainy
66,8,990,26.3,Cloudy
49,24,990,29.9,Cloudy
65,33,1010,24.5,Cloudy
58,12,1004,31.6,Sunny
78,23,1006,26.1,Rainy
42,23,1011,34.2,Sunny
84,26,1024,25.1,Rainy
52,23,1005,29.7,Cloudy
89,29,997,19.0,Stormy
67,30,1006,27.8,Cloudy
97,14,1006,20.8,Rainy
59,19,1015,28.8,Cloudy
67,3,1002,31.0,Cloudy
47,30,1006,28.8,Cloudy
80,22,1006,22.7,Rainy
78,16,1003,23.2,Rainy
40,28,995,29.8,Cloudy
42,32,1024,32.8,Sunny
52,16,1003,31.4,Sunny
67,24,997,27.0,Cloudy
96,25,1004,20.7,Stormy
99,14,1016,22.3,Rainy
88,23,1002,21.4,Stormy
64,34,1020,28.0,Cloudy
95,4,1024,28.2,Rainy
72,20,995,25.1,Cloudy
77,24,994,22.3,Rainy
92,30,1011,19.2,Stormy
45,31,1012,28.8,Cloudy
97,26,1014,21.7,Stormy
83,9,1023,28.7,Rainy
84,17,1015,26.1,Rainy
71,9,994,26.8,Cloudy
84,2,1015,30.1,Rainy
86,6,1009,25.4,Rainy
60,4,995,31.9,Sunny
55,2,995,31.9,Sunny
93,5,1007,23.6,Rainy
60,33,993,25.9,Cloudy
50,26,1006,30.7,Sunny
99,11,1003,22.1,Rainy
76,22,1003,24.8,Rainy
75,28,1002,23.6,Cloudy
74,28,996,26.8,Cloudy
58,3,1004,34.0,Sunny
59,14,1008,31.5,Sunny
96,10,1024,25.1,Rainy
57,23,1006,30.6,Sunny
86,27,1024,24.9,Stormy
80,13,1008,26.1,Rainy
88,18,1009,23.0,Rainy
53,15,1024,33.4,Sunny
54,15,1021,28.2,Cloudy
70,21,1013,27.7,Cloudy
40,12,1006,34.0,Sunny
92,17,996,23.6,Rainy
93,32,990,17.6,Stormy
93,7,1024,24.4,Rainy
42,20,1021,34.6,Sunny
55,5,1002,30.7,Sunny
62,5,995,30.6,Sunny
96,21,1003,20.9,Stormy
50,11,1004,33.9,Sunny
51,25,993,27.3,Cloudy
49,27,1005,30.0,Sunny
71,22,1017,25.4,Cloudy
55,22,1005,30.6,Sunny
47,11,993,32.6,Sunny
77,5,1015,29.7,Rainy
51,21,1017,32.0,Sunny
63,18,1021,31.0,Sunny
67,8,991,30.1,Cloudy
92,5,1020,25.8,Rainy
47,30,992,28.5,Cloudy
97,15,997,19.0,Rainy
67,4,1013,29.8,Cloudy
75,25,1004,24.6,Cloudy
65,17,1020,31.7,Cloudy
47,5,998,33.1,Sunny
97,25,991,17.7,Stormy
99,31,997,16.7,Stormy
89,19,996,20.7,Rainy
67,20,1005,27.7,Cloudy
67,32,1024,25.1,Cloudy
76,20,1019,28.9,Rainy
80,20,999,22.7,Rainy
75,23,1007,26.3,Cloudy
66,25,994,23.4,Cloudy
93,13,1018,25.4,Rainy
56,31,1023,30.9,Sunny
48,32,1012,30.7,Sunny
72,20,994,23.3,Cloudy
92,31,1019,21.8,Stormy
59,34,995,23.5,Cloudy
52,19,993,28.9,Cloudy
67,29,1018,28.7,Cloudy
87,12,1012,26.3,Rainy
68,34,995,23.3,Cloudy
52,18,1021,31.4,Sunny
85,7,1007,26.8,Rainy
74,5,1004,28.3,Cloudy
45,21,1021,30.4,Sunny
57,28,998,28.4,Cloudy
90,16,999,22.2,Rainy
44,7,1009,36.9,Sunny
86,15,995,21.1,Rainy
64,12,992,23.0,Cloudy
41,10,1000,34.6,Sunny
49,27,1006,30.5,Sunny
95,17,1021,21.0,Rainy
69,6,993,26.4,Cloudy
89,11,993,26.7,Rainy
98,4,1006,23.0,Rainy
84,14,1008,26.1,Rainy
44,31,994,28.0,Cloudy
94,7,1021,22.4,Rainy
95,18,1011,21.9,Rainy
72,20,995,24.6,Cloudy
93,27,1024,22.0,Stormy
40,6,1011,36.3,Sunny
57,30,990,26.3,Cloudy
71,21,1009,26.5,Cloudy
86,22,1011,21.5,Stormy
88,11,1000,24.4,Rainy
50,6,1002,30.2,Sunny
60,7,992,26.5,Cloudy
65,27,998,26.7,Cloudy
64,5,1001,30.9,Sunny
61,2,1012,32.6,Sunny
98,25,1003,17.2,Stormy
66,7,1022,30.8,Cloudy
88,32,1007,20.3,Stormy
52,21,998,27.1,Cloudy
72,25,1012,25.0,Cloudy
73,26,999,25.1,Cloudy
80,22,1008,26.5,Rainy
74,31,994,21.8,Cloudy
40,25,1012,34.3,Sunny
60,31,1019,25.6,Cloudy
87,23,1014,24.4,Stormy
94,29,1017,19.9,Stormy
45,8,1023,36.9,Sunny
67,29,1014,26.3,Cloudy
56,15,999,31.8,Sunny
44,11,1003,32.4,Sunny
70,17,1019,29.8,Cloudy
44,17,1014,33.5,Sunny
77,32,1003,22.4,Rainy
42,26,1024,33.7,Sunny
92,14,1023,23.7,Rainy
62,7,999,30.0,Cloudy
76,10,1024,29.3,Rainy
92,21,1000,21.3,Stormy
76,19,1000,25.0,Rainy
49,22,1010,32.7,Sunny
49,5,1010,35.9,Sunny
58,34,1011,25.9,Cloudy
56,28,996,28.5,Cloudy
60,8,1006,29.3,Cloudy
53,7,991,31.9,Sunny
48,16,1001,32.6,Sunny
85,19,1007,20.9,Rainy
40,33,1000,30.4,Sunny
90,12,1005,22.9,Rainy
84,21,1007,22.4,Rainy
52,25,1024,34.0,Sunny
43,16,1015,33.5,Sunny
40,8,1005,34.2,Sunny
88,22,995,21.2,Stormy
79,27,1001,23.9,Rainy
71,15,1002,26.7,Cloudy
73,22,993,25.9,Cloudy
67,19,991,26.6,Cloudy
70,6,1015,27.1,Cloudy
47,4,1016,35.1,Sunny
78,24,1016,24.6,Rainy
65,27,1004,27.0,Cloudy
97,25,997,14.9,Stormy
73,20,996,28.7,Cloudy
93,26,1001,20.8,Stormy
93,22,1002,21.0,Stormy
42,13,1006,35.9,Sunny
98,34,1006,21.6,Stormy
89,5,1010,27.0,Rainy
51,8,997,33.4,Sunny
40,23,994,31.5,Sunny
93,34,1015,20.0,Stormy
83,18,1005,23.4,Rainy
44,25,1017,31.6,Sunny
69,29,1018,25.7,Cloudy
69,23,1001,23.8,Cloudy
98,18,1019,22.4,Rainy
96,7,1012,21.5,Rainy
56,7,1005,32.3,Sunny
87,2,1003,25.8,Rainy
86,11,999,24.2,Rainy
62,22,996,26.1,Cloudy
54,6,1018,38.8,Sunny
76,3,992,28.8,Rainy
60,23,1004,26.3,Cloudy
53,3,1008,34.1,Sunny
41,11,1002,33.3,Sunny
50,17,1010,30.6,Sunny
90,23,1016,21.0,Stormy
78,13,1018,28.3,Rainy
77,25,1009,23.6,Rainy
99,11,1014,24.4,Rainy
73,33,995,23.9,Cloudy
77,8,991,27.6,Rainy
89,22,1011,21.5,Stormy
73,21,1021,28.4,Cloudy
57,27,1005,29.1,Cloudy
69,5,1007,29.0,Cloudy
54,23,994,27.1,Cloudy
66,16,1019,32.3,Cloudy
90,22,1008,22.5,Stormy
73,16,1012,28.5,Cloudy
91,23,1023,22.4,Stormy
96,29,1002,17.1,Stormy
77,15,1018,26.7,Rainy
72,28,1011,25.3,Cloudy
63,29,998,24.1,Cloudy
54,27,1008,29.2,Cloudy
99,3,995,19.5,Rainy
69,26,1004,23.9,Cloudy
94,4,1009,25.7,Rainy
81,9,998,26.2,Rainy
90,34,1021,21.0,Stormy
56,7,993,29.1,Cloudy
44,24,1007,30.3,Sunny
68,26,994,24.1,Cloudy
43,20,1009,34.0,Sunny
49,6,1012,36.0,Sunny
95,12,1000,21.2,Rainy
56,13,1011,29.9,Cloudy
49,11,993,31.8,Sunny
56,9,1018,32.0,Sunny
99,25,1023,20.7,Stormy
59,29,1002,29.0,Cloudy
63,22,998,28.2,Cloudy
44,9,1020,36.3,Sunny
73,10,996,24.8,Cloudy
45,16,993,31.7,Sunny
92,19,1008,23.9,Rainy
41,21,1019,33.9,Sunny
52,7,1020,36.7,Sunny
82,13,1024,29.4,Rainy
82,3,1010,30.1,Rainy
87,8,1020,27.3,Rainy
50,17,1008,32.8,Sunny
90,4,1020,29.0,Rainy
86,4,1021,28.6,Rainy
96,28,991,17.0,Stormy
62,34,999,24.4,Cloudy
94,29,991,18.4,Stormy
55,2,991,29.5,Cloudy
70,9,1013,29.3,Cloudy
50,33,1006,30.4,Sunny
93,5,1021,22.9,Rainy
55,31,1005,30.2,Sunny
47,7,1005,35.7,Sunny
43,20,1020,33.7,Sunny
79,33,1013,24.1,Rainy
43,10,990,32.5,Sunny
95,13,1000,23.6,Rainy
64,12,1010,31.4,Sunny
42,17,993,29.8,Cloudy
71,2,996,29.4,Cloudy
42,22,1015,33.3,Sunny
66,31,1001,25.1,Cloudy
68,14,1020,28.8,Cloudy
71,5,1006,31.8,Cloudy
89,29,1022,24.4,Stormy
97,32,1000,16.8,Stormy
90,28,1017,20.2,Stormy
58,6,1021,33.1,Sunny
60,26,990,26.6,Cloudy
44,4,1017,37.0,Sunny
57,34,996,27.7,Cloudy
67,5,991,29.5,Cloudy
81,26,1013,25.5,Rainy
61,21,993,27.5,Cloudy
60,27,1008,25.8,Cloudy
45,6,1015,35.5,Sunny
40,29,1000,32.6,Sunny
44,30,1000,29.8,Cloudy
80,10,992,25.4,Rainy
51,7,1001,32.2,Sunny
65,20,992,24.6,Cloudy
85,12,1016,25.9,Rainy
73,3,991,27.8,Cloudy
88,10,1005,23.5,Rainy
53,22,991,27.9,Cloudy
65,25,1019,27.1,Cloudy
84,23,1009,25.1,Rainy
66,4,1017,31.4,Cloudy
48,13,1014,36.0,Sunny
65,29,1021,30.3,Cloudy
96,31,999,18.1,Stormy
86,27,1022,22.3,Stormy
96,22,1002,17.0,Stormy
61,29,1005,24.8,Cloudy
86,27,1011,20.5,Stormy
95,34,1009,21.1,Stormy
69,22,1016,28.0,Cloudy
82,19,1005,24.7,Rainy
87,12,1023,23.1,Rainy
56,24,1021,29.1,Cloudy
65,23,1015,29.7,Cloudy
75,18,1014,27.4,Cloudy
40,6,991,33.8,Sunny
47,12,1001,33.5,Sunny
88,31,998,22.3,Stormy
74,16,1001,25.6,Cloudy
91,28,1015,21.8,Stormy
54,34,998,27.0,Cloudy
86,21,999,25.8,Stormy
95,17,1021,20.4,Rainy
61,3,1023,34.8,Sunny
53,29,1009,29.0,Cloudy
65,7,991,29.2,Cloudy
67,10,990,26.3,Cloudy
62,21,1013,29.1,Cloudy
53,2,1016,36.0,Sunny
63,9,991,33.1,Sunny
41,24,1020,35.3,Sunny
84,4,1003,24.9,Rainy
65,5,991,28.1,Cloudy
53,26,1018,30.1,Sunny
98,16,1004,18.3,Rainy
95,22,1001,19.8,Stormy
90,15,1017,25.6,Rainy
46,13,1009,31.7,Sunny
42,18,1013,35.7,Sunny
86,10,1010,26.2,Rainy
62,14,999,27.6,Cloudy
85,16,1003,23.6,Rainy
82,19,1007,26.8,Rainy
86,34,1013,22.6,Stormy
99,7,1003,22.3,Rainy
84,28,1023,23.9,Rainy
57,24,1001,28.4,Cloudy
97,28,1011,19.2,Stormy
77,15,995,21.6,Rainy
74,9,1011,31.5,Cloudy
90,20,1003,22.2,Rainy
54,31,1005,28.7,Cloudy
64,15,1014,29.8,Cloudy
94,21,1021,22.0,Stormy
76,26,1022,26.0,Rainy
67,25,1009,24.4,Cloudy
49,15,1007,35.8,Sunny
78,27,992,20.2,Rainy
96,24,1012,19.5,Stormy
56,23,1021,30.4,Sunny
78,20,1005,26.8,Rainy
61,4,994,30.2,Sunny
65,20,993,24.4,Cloudy
83,10,1010,28.0,Rainy
64,29,1003,27.2,Cloudy
56,21,1020,32.1,Sunny
52,8,1003,33.6,Sunny
59,15,995,32.3,Sunny
64,10,1001,32.5,Sunny
43,20,1005,31.5,Sunny
49,15,1006,34.7,Sunny
42,18,1012,34.5,Sunny
80,31,1003,22.9,Rainy
84,10,996,21.7,Rainy
57,34,1021,28.6,Cloudy
86,26,1004,20.7,Stormy
75,15,1006,27.8,Cloudy
86,12,1023,28.3,Rainy
61,15,994,25.0,Cloudy
73,31,1016,25.2,Cloudy
86,5,1012,28.3,Rainy
47,5,1003,33.8,Sunny
79,29,1004,24.0,Rainy
88,9,1022,27.2,Rainy
83,3,1020,29.1,Rainy
58,23,1024,30.6,Sunny
81,17,1006,23.0,Rainy
80,30,1017,22.4,Rainy
76,31,1008,24.7,Rainy
45,13,1012,34.2,Sunny
91,12,1021,25.1,Rainy
65,22,1002,26.3,Cloudy
73,22,1009,25.6,Cloudy
98,6,1024,26.8,Rainy
95,21,994,19.1,Stormy
98,4,998,20.5,Rainy
84,34,1018,23.7,Rainy
45,10,995,32.4,Sunny
76,10,1014,28.2,Rainy
96,5,1020,27.8,Rainy
72,18,1011,27.2,Cloudy
92,25,991,19.6,Stormy
61,33,994,23.2,Cloudy
60,2,1016,33.0,Sunny
45,9,1014,36.1,Sunny
45,24,997,28.1,Cloudy
94,13,990,21.1,Rainy
87,13,1009,24.8,Rainy
43,16,1012,34.2,Sunny
69,20,1021,30.3,Cloudy
50,27,1000,29.6,Cloudy
69,30,1013,28.2,Cloudy
70,23,1000,24.0,Cloudy
63,22,1018,29.5,Cloudy
94,21,1015,22.5,Stormy
48,30,1005,28.0,Cloudy
94,5,1024,27.7,Rainy
42,8,1009,38.9,Sunny
90,29,992,19.0,Stormy
70,29,990,23.9,Cloudy
79,5,990,25.6,Rainy
76,23,1006,23.8,Rainy
75,13,991,22.3,Cloudy
63,4,1018,31.5,Sunny
70,23,1009,24.5,Cloudy
45,3,995,36.5,Sunny
41,25,997,30.9,Sunny
59,28,1018,28.6,Cloudy
67,2,1022,33.9,Cloudy
50,9,992,29.7,Cloudy
43,24,1024,32.9,Sunny
54,7,994,31.2,Sunny
45,23,1016,34.4,Sunny
93,26,1001,20.7,Stormy
88,19,1009,23.7,Rainy
69,18,1009,27.8,Cloudy
95,13,998,22.1,Rainy
77,7,993,26.3,Rainy
90,27,1008,19.8,Stormy
96,28,1016,20.8,Stormy
41,9,1002,33.0,Sunny
54,20,1002,29.9,Cloudy
50,2,1011,34.2,Sunny
47,30,1017,35.1,Sunny
65,15,1011,29.3,Cloudy
90,21,1008,20.3,Stormy
84,14,997,23.4,Rainy
83,9,997,25.5,Rainy
44,21,1015,35.9,Sunny
45,34,1015,29.9,Cloudy
65,27,1012,24.9,Cloudy
93,22,1002,22.0,Stormy
43,10,1017,33.7,Sunny
58,25,998,26.8,Cloudy
59,18,1009,29.5,Cloudy
72,25,1008,25.5,Cloudy
59,22,1001,29.2,Cloudy
88,14,1004,22.6,Rainy
51,12,1020,33.6,Sunny
86,20,1003,22.8,Rainy
40,12,1000,34.3,Sunny
65,14,1015,30.1,Cloudy
53,2,1016,35.6,Sunny
77,20,1000,25.7,Rainy
76,13,1023,29.3,Rainy
50,9,1008,34.0,Sunny
75,9,995,23.9,Cloudy
52,13,1017,33.3,Sunny
82,34,990,20.4,Rainy
42,27,1024,34.9,Sunny
72,29,997,22.5,Cloudy
45,6,996,32.6,Sunny
89,9,1000,22.9,Rainy
95,26,993,19.4,Stormy
49,28,1014,32.4,Sunny
44,24,1001,30.5,Sunny
62,31,1015,28.9,Cloudy
49,24,1001,30.2,Sunny
83,21,1013,24.3,Rainy
41,19,1005,32.8,Sunny
52,19,1002,31.5,Sunny
79,3,1014,29.2,Rainy
41,5,993,37.7,Sunny
59,31,1000,25.2,Cloudy
40,34,1021,33.4,Sunny
76,19,996,23.6,Rainy
48,20,1000,29.5,Cloudy
56,29,1017,29.5,Cloudy
48,21,1012,32.3,Sunny
50,34,1012,33.7,Sunny
54,13,1017,32.5,Sunny
63,16,1015,28.4,Cloudy
77,3,1014,29.6,Rainy
94,30,1018,18.0,Stormy
74,11,1008,27.6,Cloudy
69,3,1022,31.9,Cloudy
70,12,1003,29.0,Cloudy
88,14,1003,24.9,Rainy
44,11,1024,35.5,Sunny
99,15,1019,22.6,Rainy
83,19,1017,24.2,Rainy
89,10,1006,22.6,Rainy
53,29,992,27.6,Cloudy
92,4,1005,22.7,Rainy
95,21,1019,22.0,Stormy
50,7,1018,33.4,Sunny
48,28,1004,30.7,Sunny
73,3,1014,32.8,Cloudy
51,30,1012,27.9,Cloudy
74,4,1014,26.9,Cloudy
74,17,996,25.0,Cloudy
40,31,1011,32.0,Sunny
79,3,1006,28.1,Rainy
61,18,1007,28.5,Cloudy
99,13,999,20.5,Rainy
68,2,999,30.1,Cloudy
47,16,996,32.9,Sunny
50,27,1016,28.1,Cloudy
80,22,1022,25.5,Rainy
76,32,990,21.6,Rainy
53,26,1023,30.0,Sunny
99,24,993,20.7,Stormy
69,25,1006,25.1,Cloudy
74,29,993,22.6,Cloudy
60,22,1015,30.5,Sunny
76,19,993,23.1,Rainy
44,10,990,29.6,Cloudy
58,31,996,25.5,Cloudy
98,33,1019,21.3,Stormy
53,4,998,31.9,Sunny
65,4,1024,31.6,Cloudy
43,29,997,31.3,Sunny
64,16,1013,29.1,Cloudy
84,24,1008,22.4,Rainy
81,12,1016,27.2,Rainy
64,33,1021,28.7,Cloudy
57,34,1003,30.3,Sunny
79,25,1007,25.2,Rainy
47,29,1017,33.2,Sunny
78,8,1018,27.8,Rainy
79,5,1005,25.8,Rainy
53,2,1024,36.0,Sunny
71,2,1020,31.6,Cloudy
90,21,993,19.0,Stormy
77,20,1006,24.9,Rainy
72,30,1015,26.2,Cloudy
62,11,993,29.1,Cloudy
54,19,1019,32.7,Sunny
72,29,1019,26.7,Cloudy
64,32,1011,25.7,Cloudy
56,28,1000,26.9,Cloudy
72,12,991,24.1,Cloudy
86,6,1001,27.8,Rainy
94,9,1019,25.0,Rainy
41,13,1007,34.1,Sunny
53,2,1015,33.4,Sunny
92,32,996,22.9,Stormy
79,5,990,23.9,Rainy
79,6,1015,27.7,Rainy
90,31,1012,21.7,Stormy
78,25,1015,26.0,Rainy
90,4,995,25.3,Rainy
45,12,995,35.1,Sunny
45,5,997,34.6,Sunny
42,27,1013,30.9,Sunny
46,28,1011,30.8,Sunny
90,28,1008,21.6,Stormy
47,7,1007,37.3,Sunny
81,16,1020,24.6,Rainy
91,31,1019,23.5,Stormy
54,24,1022,31.7,Sunny
86,7,999,26.0,Rainy
68,5,1001,29.1,Cloudy
72,19,1019,26.8,Cloudy
91,10,1016,26.2,Rainy
69,30,998,25.2,Cloudy
78,14,1010,28.0,Rainy
66,18,1001,27.3,Cloudy
75,33,1018,23.8,Cloudy
68,23,1022,26.2,Cloudy
77,5,1004,28.9,Rainy
96,6,991,22.4,Rainy
72,14,1007,26.0,Cloudy
76,23,992,22.4,Rainy
66,24,996,25.0,Cloudy
94,4,1007,22.2,Rainy
72,33,1022,24.6,Cloudy
43,22,1020,32.3,Sunny
61,22,1000,27.0,Cloudy
41,12,993,31.9,Sunny
49,5,1007,31.7,Sunny
44,2,993,37.2,Sunny
98,29,1023,22.9,Stormy
49,25,1018,30.7,Sunny
72,14,1013,28.6,Cloudy
93,12,1011,24.3,Rainy
77,18,991,25.5,Rainy
52,19,995,28.3,Cloudy
70,23,1014,28.8,Cloudy
86,25,1010,22.0,Stormy
75,20,1005,23.5,Cloudy
84,22,1020,26.0,Rainy
63,9,1003,31.8,Sunny
91,29,1017,25.7,Stormy
95,6,1021,23.7,Rainy
54,18,1017,33.0,Sunny
68,20,998,25.6,Cloudy
47,28,1011,32.1,Sunny
44,12,1021,33.5,Sunny
68,13,994,25.1,Cloudy
86,22,1012,22.4,Stormy
43,12,994,32.8,Sunny
51,29,1021,30.1,Sunny
84,6,999,26.3,Rainy
41,18,1004,34.8,Sunny
66,21,996,27.1,Cloudy
70,13,1018,31.8,Cloudy
90,7,992,23.6,Rainy
90,18,1008,21.1,Rainy
75,20,999,26.8,Cloudy
75,27,1017,24.8,Cloudy
65,33,1018,28.3,Cloudy
82,7,1004,28.5,Rainy
66,12,1024,31.9,Cloudy
44,34,995,26.4,Cloudy
59,25,1001,26.3,Cloudy
50,24,1002,31.9,Sunny
49,16,1018,33.2,Sunny
79,28,1008,23.7,Rainy
77,12,992,26.1,Rainy
45,18,997,32.5,Sunny
47,15,997,32.0,Sunny
62,28,1009,27.1,Cloudy
86,19,993,21.4,Rainy
65,29,1010,28.0,Cloudy
85,5,992,25.3,Rainy
82,8,997,24.8,Rainy
51,10,1012,35.0,Sunny
65,9,1005,29.5,Cloudy
52,18,1002,29.3,Cloudy
79,18,992,22.3,Rainy
57,34,998,24.6,Cloudy
64,33,1003,24.9,Cloudy
72,9,1002,29.6,Cloudy
86,20,996,20.8,Rainy
79,4,1004,27.7,Rainy
99,6,996,20.7,Rainy
82,14,1023,26.8,Rainy
51,32,1011,27.1,Cloudy
83,17,1013,24.9,Rainy
75,33,990,21.1,Cloudy
87,23,999,22.4,Stormy
43,30,1005,31.1,Sunny
44,23,997,29.0,Cloudy
95,4,1014,26.7,Rainy
76,11,1001,26.7,Rainy
47,22,1014,32.7,Sunny
81,17,1006,24.8,Rainy
88,13,1015,24.3,Rainy
67,3,1003,30.4,Cloudy
70,25,1012,27.3,Cloudy
97,31,995,14.9,Stormy
48,31,994,27.3,Cloudy
93,20,1014,22.2,Rainy
90,9,1007,24.8,Rainy
68,27,1002,27.2,Cloudy
53,8,1003,31.1,Sunny
79,31,1017,23.3,Rainy
80,8,1007,26.0,Rainy
61,4,1017,31.7,Sunny
50,2,1016,35.0,Sunny
62,26,1021,30.4,Sunny
40,2,998,34.0,Sunny
85,16,1021,26.6,Rainy
76,14,1009,24.3,Rainy
60,9,1017,31.4,Sunny
65,6,1022,31.8,Cloudy
85,10,993,26.2,Rainy
75,2,1023,30.5,Cloudy
93,3,992,19.7,Rainy
62,24,1015,25.8,Cloudy
96,10,997,21.8,Rainy
40,15,995,33.8,Sunny
93,5,1005,24.8,Rainy
94,31,1013,20.6,Stormy
90,32,1019,23.5,Stormy
79,12,1002,24.9,Rainy
54,9,994,32.1,Sunny
60,4,1014,30.3,Sunny
86,15,1009,23.1,Rainy
48,14,1007,30.0,Sunny
92,33,1007,19.2,Stormy
48,20,991,29.7,Cloudy
49,17,999,31.2,Sunny
91,3,1001,24.7,Rainy
96,18,1002,19.5,Rainy
92,17,1000,21.4,Rainy
65,3,1008,28.9,Cloudy
80,3,1024,31.8,Rainy
74,27,1015,25.2,Cloudy
91,14,1003,22.1,Rainy
64,32,1013,29.1,Cloudy
65,4,990,26.9,Cloudy
50,9,1011,32.0,Sunny
77,24,1012,23.5,Rainy
41,15,1008,34.1,Sunny
46,28,1007,31.3,Sunny
57,30,1001,28.3,Cloudy
66,2,1017,36.0,Cloudy
73,18,1017,24.4,Cloudy
66,31,1022,28.5,Cloudy
56,14,1008,30.3,Sunny
82,22,1017,24.2,Rainy
98,20,1015,20.7,Rainy
83,20,1024,24.7,Rainy
98,26,1023,24.0,Stormy
90,23,1024,25.2,Stormy
93,32,1005,19.4,Stormy
63,18,1002,30.2,Sunny
64,24,1012,25.8,Cloudy
46,33,1011,28.3,Cloudy
91,11,1005,20.3,Rainy
45,11,1017,34.1,Sunny
92,9,1024,26.3,Rainy
63,21,997,27.2,Cloudy
72,33,1011,24.8,Cloudy
88,15,1010,22.0,Rainy
68,29,1015,27.8,Cloudy
82,25,1010,24.0,Rainy
61,16,1014,31.5,Sunny
65,23,990,22.5,Cloudy
67,31,995,24.5,Cloudy
89,5,1012,24.2,Rainy
60,14,1012,30.1,Sunny
88,24,1012,23.6,Stormy
46,9,1021,35.9,Sunny
56,19,1019,30.3,Sunny
59,13,1002,29.9,Cloudy
80,32,1007,20.2,Rainy
88,15,1012,26.1,Rainy
59,19,1004,28.8,Cloudy
93,12,1022,26.7,Rainy
61,13,1010,29.7,Cloudy
67,16,1012,28.0,Cloudy
79,32,1016,22.6,Rainy
88,30,1007,22.4,Stormy
46,27,1013,30.5,Sunny
40,19,996,33.3,Sunny
71,33,1009,23.9,Cloudy
52,23,1016,28.4,Cloudy
69,18,995,25.1,Cloudy
62,24,1016,27.2,Cloudy
90,25,998,20.5,Stormy
98,9,1020,22.4,Rainy
95,7,1010,25.4,Rainy
58,6,1015,32.8,Sunny
71,30,1002,24.0,Cloudy
69,29,1012,27.0,Cloudy
68,12,1009,30.4,Cloudy
88,2,1017,27.3,Rainy
84,20,1006,22.5,Rainy
68,10,1017,27.6,Cloudy
69,28,991,22.7,Cloudy
55,5,1014,32.8,Sunny
79,19,995,23.8,Rainy
58,16,1000,28.8,Cloudy
57,14,995,30.4,Sunny
40,20,1000,31.7,Sunny
53,7,1003,32.4,Sunny
90,13,991,23.6,Rainy
86,18,992,22.4,Rainy
89,24,1024,23.9,Stormy
41,27,1022,32.9,Sunny
93,30,1013,19.8,Stormy
67,34,1008,23.8,Cloudy
88,28,1007,20.6,Stormy
89,26,1013,23.4,Stormy
69,11,1024,30.4,Cloudy
77,24,990,20.5,Rainy
90,22,1014,25.6,Stormy
43,22,1023,34.8,Sunny
40,14,1014,33.2,Sunny
47,34,1005,28.5,Cloudy
68,25,1023,28.5,Cloudy
94,12,1018,26.9,Rainy
78,18,1008,23.9,Rainy
42,5,1012,37.8,Sunny
71,26,1008,27.8,Cloudy
49,31,1014,29.4,Cloudy
49,10,1005,32.6,Sunny
58,22,998,26.5,Cloudy
85,21,990,21.0,Rainy
73,20,1008,26.2,Cloudy
99,20,1022,23.2,Rainy
72,13,1023,31.2,Cloudy
62,18,1005,27.6,Cloudy
94,29,1007,17.0,Stormy
67,19,1023,29.6,Cloudy
71,15,1014,28.8,Cloudy
89,8,995,23.8,Rainy
46,14,1010,33.1,Sunny
68,19,995,26.2,Cloudy
47,14,1021,36.9,Sunny
40,32,1020,33.4,Sunny
96,3,999,22.7,Rainy
94,17,1019,22.8,Rainy
42,10,1007,34.5,Sunny
63,10,1013,33.4,Sunny
62,12,998,28.7,Cloudy
98,23,1020,21.7,Stormy
47,34,1004,28.3,Cloudy
93,24,993,21.0,Stormy
96,10,998,24.8,Rainy
86,25,998,22.0,Stormy
76,9,1015,28.6,Rainy
42,8,993,33.5,Sunny
90,19,1006,18.9,Rainy
72,4,1005,30.2,Cloudy
67,29,1004,25.7,Cloudy
86,7,1024,28.3,Rainy
47,22,994,28.9,Cloudy
73,29,994,22.4,Cloudy
74,2,1009,28.8,Cloudy
71,22,1004,27.4,Cloudy
63,14,1007,28.9,Cloudy
53,11,991,33.4,Sunny
71,11,1018,30.2,Cloudy
95,14,1002,19.9,Rainy
85,25,993,20.8,Rainy
82,3,999,25.3,Rainy
55,23,1020,27.9,Cloudy
43,18,997,34.3,Sunny
91,15,992,22.4,Rainy
76,11,998,26.9,Rainy
93,26,1019,22.4,Stormy
60,4,1000,29.0,Cloudy
53,18,1024,32.3,Sunny
70,13,1002,28.8,Cloudy
94,25,1002,18.5,Stormy
87,30,1001,16.8,Stormy
57,26,999,27.3,Cloudy
46,27,998,29.6,Cloudy
49,2,996,33.6,Sunny
46,21,991,31.1,Sunny
72,29,1012,26.3,Cloudy
62,17,1010,29.9,Cloudy
60,18,1012,31.8,Sunny
58,29,1018,26.9,Cloudy
87,13,1003,24.6,Rainy
58,28,1015,29.9,Cloudy
75,31,994,20.3,Cloudy
68,7,1020,28.9,Cloudy
99,8,1014,22.3,Rainy
57,33,1020,27.9,Cloudy
41,33,1009,32.3,Sunny
40,26,1006,31.3,Sunny
86,34,991,17.6,Stormy
44,8,1014,34.6,Sunny
59,13,1002,31.6,Sunny
50,17,1017,33.0,Sunny
81,17,995,23.3,Rainy
41,14,992,32.3,Sunny
42,8,1024,39.1,Sunny
62,10,1007,29.3,Cloudy
94,33,1000,20.4,Stormy
51,12,1009,33.0,Sunny
59,9,994,29.4,Cloudy
44,34,1008,33.9,Sunny
76,24,1011,23.7,Rainy
77,26,1008,23.8,Rainy
69,9,1005,27.0,Cloudy
48,23,1013,33.3,Sunny
73,5,993,29.7,Cloudy
92,4,1004,27.0,Rainy
83,30,1014,24.9,Rainy
74,30,1024,25.9,Cloudy
91,29,1003,19.6,Stormy
97,14,1008,19.6,Rainy
61,16,996,31.3,Sunny
83,24,1019,25.4,Rainy
63,27,1008,26.5,Cloudy
56,5,1014,35.5,Sunny
49,27,1005,28.5,Cloudy
69,10,997,28.3,Cloudy
95,6,1007,23.6,Rainy
98,33,1017,20.5,Stormy
85,21,1005,23.0,Rainy
62,12,1008,28.0,Cloudy
71,16,1006,27.3,Cloudy
56,33,1002,28.6,Cloudy
89,29,996,19.7,Stormy
90,23,1016,24.1,Stormy
56,18,999,27.8,Cloudy
53,27,1023,31.2,Sunny
48,8,1014,33.7,Sunny
79,27,995,23.3,Rainy
41,26,1013,32.9,Sunny
84,11,1007,26.4,Rainy
64,20,1012,30.4,Sunny
78,12,995,26.1,Rainy
48,14,1018,34.5,Sunny
93,9,1014,23.1,Rainy
61,5,1006,31.4,Sunny
82,32,1013,22.0,Rainy
85,29,1000,20.6,Rainy
43,12,1015,34.6,Sunny
65,2,1023,31.6,Cloudy
97,25,1017,18.3,Stormy
68,32,992,22.3,Cloudy
84,27,1000,22.0,Rainy
73,6,1003,26.2,Cloudy
62,21,1015,29.4,Cloudy
76,12,1010,30.2,Rainy
50,34,1019,31.7,Sunny
45,28,997,32.2,Sunny
57,16,1009,31.2,Sunny
60,33,1021,30.1,Sunny
81,22,1011,23.5,Rainy
75,6,996,26.0,Cloudy
80,7,998,21.8,Rainy
77,23,990,24.5,Rainy
73,19,1018,30.0,Cloudy
56,15,997,28.8,Cloudy
76,11,993,25.1,Rainy
64,14,1024,30.1,Sunny
77,32,992,21.9,Rainy
97,31,996,19.3,Stormy
51,4,1016,32.4,Sunny
62,31,990,25.2,Cloudy
92,7,1016,25.0,Rainy
81,30,1005,22.6,Rainy
61,9,996,30.2,Sunny
60,34,1012,26.8,Cloudy
66,18,1000,27.1,Cloudy
96,12,1022,24.0,Rainy
70,14,1006,29.3,Cloudy
45,12,1024,36.4,Sunny
66,32,994,24.3,Cloudy
79,29,1021,23.0,Rainy
73,7,992,26.2,Cloudy
51,17,1024,34.9,Sunny
84,5,1003,26.0,Rainy
96,27,1020,22.4,Stormy
92,13,1020,27.5,Rainy
46,12,1006,35.0,Sunny
49,26,1013,31.2,Sunny
84,19,1012,23.8,Rainy
56,20,1007,26.1,Cloudy
65,24,1003,26.5,Cloudy
60,19,1004,28.4,Cloudy
67,27,1004,26.5,Cloudy
97,7,995,21.6,Rainy
85,5,1016,26.8,Rainy
41,30,1004,28.4,Cloudy
99,18,997,18.2,Rainy
93,17,1004,22.7,Rainy
82,3,992,28.0,Rainy
40,9,1002,34.7,Sunny
90,14,1023,25.9,Rainy
92,9,1013,26.1,Rainy
75,31,1021,24.2,Cloudy
90,33,1021,22.3,Stormy
65,31,1019,26.3,Cloudy
68,2,1002,31.2,Cloudy
60,18,990,27.6,Cloudy
50,21,1023,33.4,Sunny
79,25,1004,22.4,Rainy
50,23,1003,31.3,Sunny
75,30,1018,28.4,Cloudy
88,23,1023,22.7,Stormy
98,10,1007,22.0,Rainy
78,11,996,25.7,Rainy
79,29,1018,25.7,Rainy
74,29,1020,25.1,Cloudy
93,22,1014,18.0,Stormy
73,25,1003,26.8,Cloudy
94,3,997,24.6,Rainy
86,9,1016,23.8,Rainy
63,28,991,24.1,Cloudy
93,23,1006,23.5,Stormy
61,28,1003,29.1,Cloudy
44,30,1014,33.0,Sunny
95,4,1019,25.4,Rainy
72,14,1018,28.9,Cloudy
97,11,1009,22.6,Rainy
75,10,1010,29.6,Cloudy
86,28,1011,21.0,Stormy
59,2,1024,33.3,Sunny
58,33,1005,28.4,Cloudy
74,26,1006,24.7,Cloudy
91,30,1005,22.2,Stormy
82,8,991,23.4,Rainy
56,4,993,31.0,Sunny
98,21,1010,19.5,Stormy
84,21,1023,25.5,Rainy
82,31,1019,21.4,Rainy
73,28,995,22.6,Cloudy
48,27,1006,28.1,Cloudy
65,15,1014,30.7,Cloudy
41,18,994,33.1,Sunny
92,19,994,18.0,Rainy
48,30,1009,32.1,Sunny
48,21,1005,35.0,Sunny
79,28,998,22.4,Rainy
56,19,994,27.6,Cloudy
40,5,991,38.5,Sunny
64,2,998,28.3,Cloudy
82,2,1011,28.0,Rainy
79,27,1011,24.3,Rainy
81,21,1011,26.7,Rainy
64,24,1023,29.9,Cloudy
78,11,1018,27.3,Rainy
74,12,1022,27.8,Cloudy
42,6,1007,35.0,Sunny
89,2,996,23.1,Rainy
76,18,990,23.9,Rainy
83,23,1022,24.4,Rainy
83,30,990,17.9,Rainy
90,5,1013,27.7,Rainy
69,6,993,27.2,Cloudy
77,12,993,23.2,Rainy
73,22,1007,25.6,Cloudy
51,13,1016,33.5,Sunny
58,27,1021,27.3,Cloudy
76,20,1022,27.8,Rainy
83,8,1017,25.8,Rainy
98,8,995,24.0,Rainy
98,27,1005,20.0,Stormy
88,6,1023,26.7,Rainy
56,22,1012,29.0,Cloudy
49,15,1013,32.9,Sunny
96,5,1002,24.1,Rainy
94,24,1007,20.8,Stormy
88,21,1002,21.8,Stormy
86,16,1006,24.0,Rainy
51,30,1004,28.0,Cloudy
55,9,1007,31.6,Sunny
63,20,1012,25.9,Cloudy
58,29,1019,30.8,Sunny
47,28,1023,32.8,Sunny
70,5,993,26.7,Cloudy
60,16,992,30.8,Sunny
56,2,996,32.0,Sunny
62,4,1007,29.9,Cloudy
76,25,996,24.6,Rainy
93,28,995,19.5,Stormy
55,30,1011,29.4,Cloudy
45,25,990,28.8,Cloudy
47,25,993,30.0,Cloudy
64,5,1018,31.8,Sunny
57,4,1010,33.8,Sunny
64,24,1015,25.5,Cloudy
51,24,1003,29.2,Cloudy
54,6,998,34.4,Sunny
98,32,1001,16.6,Stormy
65,7,995,27.9,Cloudy
80,11,1009,25.8,Rainy
84,8,1013,24.8,Rainy
65,22,1016,25.3,Cloudy
86,21,997,21.6,Stormy
71,4,990,27.7,Cloudy
49,23,1013,31.6,Sunny
55,5,996,31.3,Sunny
46,29,1008,30.7,Sunny
56,13,1011,33.2,Sunny
62,6,1024,32.9,Sunny
65,14,1019,29.6,Cloudy
60,24,1018,29.2,Cloudy
61,31,1011,28.2,Cloudy
97,26,1000,21.1,Stormy
46,28,1009,30.0,Cloudy
53,15,1018,32.9,Sunny
54,17,1023,33.3,Sunny
92,23,990,17.9,Stormy
46,22,1020,33.4,Sunny
48,22,1019,30.6,Sunny
90,9,1007,21.8,Rainy
87,17,1006,24.1,Rainy
47,32,1003,28.7,Cloudy
89,11,1012,25.2,Rainy
98,33,1014,19.2,Stormy
62,10,1004,28.6,Cloudy
68,18,1011,28.1,Cloudy
57,12,992,27.5,Cloudy
70,33,1008,26.7,Cloudy
69,11,1023,28.6,Cloudy
91,23,1024,23.4,Stormy
78,18,990,21.8,Rainy
74,5,1010,29.9,Cloudy
57,26,1018,29.4,Cloudy
98,22,995,18.1,Stormy
81,2,990,26.9,Rainy
78,26,990,22.0,Rainy
56,18,1016,32.1,Sunny
53,25,1010,28.6,Cloudy
70,3,1005,27.6,Cloudy
63,16,1015,30.2,Sunny
74,33,1005,22.9,Cloudy
83,7,1017,28.5,Rainy
99,2,990,21.5,Rainy
84,24,999,22.4,Rainy
73,18,1006,24.0,Cloudy
42,30,1012,34.6,Sunny
76,10,996,25.8,Rainy
82,14,996,25.0,Rainy
79,7,1004,25.6,Rainy
65,7,1023,32.7,Cloudy
94,21,993,17.7,Stormy
62,4,1003,31.7,Sunny
83,18,1003,23.3,Rainy
78,13,1005,26.1,Rainy
54,2,996,33.3,Sunny
95,18,1021,21.5,Rainy
88,4,1008,24.9,Rainy
43,27,991,30.3,Sunny
68,16,999,30.2,Cloudy
61,33,1006,26.2,Cloudy
64,33,1001,26.0,Cloudy
52,5,995,31.9,Sunny
57,19,1011,33.3,Sunny
72,20,1021,25.5,Cloudy
55,15,1009,31.4,Sunny
84,34,990,16.8,Rainy
81,15,995,20.1,Rainy
83,5,1008,27.2,Rainy
41,25,1007,32.5,Sunny
94,30,995,17.9,Stormy
74,20,1022,27.6,Cloudy
81,7,1012,32.0,Rainy
73,34,1012,23.9,Cloudy
69,20,1015,28.8,Cloudy
98,2,1002,22.3,Rainy
94,6,996,23.2,Rainy
52,28,1004,28.6,Cloudy
52,17,1016,31.8,Sunny
57,7,1015,35.7,Sunny
71,14,1022,31.3,Cloudy
71,20,1004,26.5,Cloudy
74,13,1016,24.8,Cloudy
98,17,994,19.1,Rainy
78,11,991,28.8,Rainy
85,26,1022,23.9,Rainy
91,21,1005,23.5,Stormy
68,32,1012,27.9,Cloudy
88,5,1005,25.7,Rainy
68,24,1003,24.8,Cloudy
92,3,1018,22.7,Rainy
83,23,1015,25.4,Rainy
96,9,1024,23.9,Rainy
55,8,1004,32.2,Sunny
95,15,992,18.6,Rainy
83,4,1012,27.1,Rainy
86,17,1018,25.2,Rainy
96,20,1023,23.4,Rainy
49,19,1022,31.8,Sunny
69,17,1012,30.0,Cloudy
64,9,996,27.9,Cloudy
78,34,992,18.2,Rainy
59,13,1021,32.0,Sunny
44,12,1020,35.6,Sunny
40,6,1007,36.2,Sunny
69,28,996,26.3,Cloudy
88,13,990,21.7,Rainy
42,18,1003,32.7,Sunny
84,7,1021,26.1,Rainy
53,34,995,27.9,Cloudy
95,6,999,23.2,Rainy
69,29,996,23.5,Cloudy
89,15,1015,21.7,Rainy
43,6,1023,39.4,Sunny
57,34,1019,26.8,Cloudy
76,20,1010,25.0,Rainy
64,23,1006,28.0,Cloudy
87,6,1022,25.6,Rainy
40,3,999,33.3,Sunny
92,31,1001,16.1,Stormy
